{"cameraMode":{"drawMode":0,"name":"Shaded","section":"Shading Mode"},"sceneLighting":true,"audioPlay":false,"sceneViewState":{"m_AlwaysRefresh":false,"showFog":true,"showSkybox":true,"showFlares":true,"showImageEffects":true,"showParticleSystems":true,"showVisualEffectGraphs":true,"m_FxEnabled":true},"in2DMode":false,"pivot":{"x":8.214338302612305,"y":1.4494843482971192,"z":-2.420818567276001},"rotation":{"x":-0.08357589691877365,"y":-0.06265115737915039,"z":0.005414532031863928,"w":-0.9949877262115479},"size":1.2894999980926514,"orthographic":false}