{"cameraMode":{"drawMode":0,"name":"Shaded","section":"Shading Mode"},"sceneLighting":true,"audioPlay":false,"sceneViewState":{"m_AlwaysRefresh":false,"showFog":true,"showSkybox":true,"showFlares":true,"showImageEffects":true,"showParticleSystems":true,"showVisualEffectGraphs":true,"m_FxEnabled":true},"in2DMode":false,"pivot":{"x":-0.873146116733551,"y":2.2556283473968508,"z":-0.0012235167669132352},"rotation":{"x":-0.13737663626670838,"y":0.01099073514342308,"z":-0.001539113698527217,"w":-0.9905428290367127},"size":0.43421828746795657,"orthographic":false}