{"cameraMode":{"drawMode":0,"name":"Shaded","section":"Shading Mode"},"sceneLighting":true,"audioPlay":false,"sceneViewState":{"m_AlwaysRefresh":false,"showFog":true,"showSkybox":true,"showFlares":true,"showImageEffects":true,"showParticleSystems":true,"showVisualEffectGraphs":true,"m_FxEnabled":true},"in2DMode":false,"pivot":{"x":2.508739948272705,"y":-6.720104694366455,"z":34.42356872558594},"rotation":{"x":0.14430031180381776,"y":0.042636096477508548,"z":-0.013806740753352642,"w":0.9919049739837647},"size":15.789063453674317,"orthographic":false}